[{"idx": "1", "h": "天", "m": "천", "m1": "하늘 천"}, {"idx": "2", "h": "地", "m": "지", "m1": "땅 지"}, {"idx": "3", "h": "玄", "m": "현", "m1": "검을 현"}, {"idx": "4", "h": "黃", "m": "황", "m1": "누를 황"}, {"idx": "5", "h": "宇", "m": "우", "m1": "집 우"}, {"idx": "6", "h": "宙", "m": "주", "m1": "집 주"}, {"idx": "7", "h": "洪", "m": "홍", "m1": "넓을 홍"}, {"idx": "8", "h": "荒", "m": "황", "m1": "거칠 황"}, {"idx": "9", "h": "日", "m": "일", "m1": "날 일"}, {"idx": "10", "h": "月", "m": "월", "m1": "달 월"}, {"idx": "11", "h": "盈", "m": "영", "m1": "찰 영"}, {"idx": "12", "h": "昃", "m": "측", "m1": "기울 측"}, {"idx": "13", "h": "辰", "m": "진", "m1": "별 진"}, {"idx": "14", "h": "宿", "m": "숙", "m1": "잘 숙"}, {"idx": "15", "h": "列", "m": "열", "m1": "벌일 열"}, {"idx": "16", "h": "張", "m": "장", "m1": "베풀 장"}, {"idx": "17", "h": "寒", "m": "한", "m1": "찰 한"}, {"idx": "18", "h": "來", "m": "래", "m1": "올 래"}, {"idx": "19", "h": "暑", "m": "서", "m1": "더울 서"}, {"idx": "20", "h": "往", "m": "왕", "m1": "갈 왕"}, {"idx": "21", "h": "秋", "m": "추", "m1": "가을 추"}, {"idx": "22", "h": "收", "m": "수", "m1": "거둘 수"}, {"idx": "23", "h": "冬", "m": "동", "m1": "겨울 동"}, {"idx": "24", "h": "藏", "m": "장", "m1": "감출 장"}, {"idx": "25", "h": "閏", "m": "윤", "m1": "윤달 윤"}, {"idx": "26", "h": "餘", "m": "여", "m1": "남을 여"}, {"idx": "27", "h": "成", "m": "성", "m1": "이룰 성"}, {"idx": "28", "h": "歲", "m": "세", "m1": "해 세"}, {"idx": "29", "h": "律", "m": "율", "m1": "가락 률"}, {"idx": "30", "h": "呂", "m": "려", "m1": "음률 려"}, {"idx": "31", "h": "調", "m": "조", "m1": "고를 조"}, {"idx": "32", "h": "陽", "m": "양", "m1": "볕 양"}, {"idx": "33", "h": "雲", "m": "운", "m1": "구름 운"}, {"idx": "34", "h": "騰", "m": "등", "m1": "오를 등"}, {"idx": "35", "h": "致", "m": "치", "m1": "이를 치"}, {"idx": "36", "h": "雨", "m": "우", "m1": "비 우"}, {"idx": "37", "h": "露", "m": "노", "m1": "이슬 로"}, {"idx": "38", "h": "結", "m": "결", "m1": "맺을 결"}, {"idx": "39", "h": "爲", "m": "위", "m1": "할 위"}, {"idx": "40", "h": "霜", "m": "상", "m1": "서리 상"}, {"idx": "41", "h": "金", "m": "금", "m1": "쇠 금"}, {"idx": "42", "h": "生", "m": "생", "m1": "낳을 생"}, {"idx": "43", "h": "麗", "m": "여", "m1": "고울 려"}, {"idx": "44", "h": "水", "m": "수", "m1": "물 수"}, {"idx": "45", "h": "玉", "m": "옥", "m1": "구슬 옥"}, {"idx": "46", "h": "出", "m": "출", "m1": "날 출"}, {"idx": "47", "h": "崑", "m": "곤", "m1": "메 곤"}, {"idx": "48", "h": "岡", "m": "강", "m1": "메 강"}, {"idx": "49", "h": "劍", "m": "검", "m1": "칼 검"}, {"idx": "50", "h": "號", "m": "호", "m1": "이름 호"}, {"idx": "51", "h": "巨", "m": "거", "m1": "클 거"}, {"idx": "52", "h": "闕", "m": "궐", "m1": "대궐 궐"}, {"idx": "53", "h": "珠", "m": "주", "m1": "구슬 주"}, {"idx": "54", "h": "稱", "m": "칭", "m1": "일컬을 칭"}, {"idx": "55", "h": "夜", "m": "야", "m1": "밤 야"}, {"idx": "56", "h": "光", "m": "광", "m1": "빛 광"}, {"idx": "57", "h": "果", "m": "과", "m1": "과실 과"}, {"idx": "58", "h": "珍", "m": "진", "m1": "보배 진"}, {"idx": "59", "h": "李", "m": "이", "m1": "오얏 리"}, {"idx": "60", "h": "柰", "m": "내", "m1": "능금나무 내"}, {"idx": "61", "h": "菜", "m": "채", "m1": "나물 채"}, {"idx": "62", "h": "重", "m": "중", "m1": "무거울 중"}, {"idx": "63", "h": "芥", "m": "개", "m1": "겨자 개"}, {"idx": "64", "h": "薑", "m": "강", "m1": "생강 강"}, {"idx": "65", "h": "海", "m": "해", "m1": "바다 해"}, {"idx": "66", "h": "鹹", "m": "함", "m1": "짤 함"}, {"idx": "67", "h": "河", "m": "하", "m1": "물 하"}, {"idx": "68", "h": "淡", "m": "담", "m1": "묽을 담"}, {"idx": "69", "h": "鱗", "m": "인", "m1": "비늘 린"}, {"idx": "70", "h": "潛", "m": "잠", "m1": "잠길 잠"}, {"idx": "71", "h": "羽", "m": "우", "m1": "깃 우"}, {"idx": "72", "h": "翔", "m": "상", "m1": "높이 날 상"}, {"idx": "73", "h": "龍", "m": "용", "m1": "용 룡"}, {"idx": "74", "h": "師", "m": "사", "m1": "스승 사"}, {"idx": "75", "h": "火", "m": "화", "m1": "불 화"}, {"idx": "76", "h": "帝", "m": "제", "m1": "임금 제"}, {"idx": "77", "h": "鳥", "m": "조", "m1": "새 조"}, {"idx": "78", "h": "官", "m": "관", "m1": "벼슬 관"}, {"idx": "79", "h": "人", "m": "인", "m1": "사람 인"}, {"idx": "80", "h": "皇", "m": "황", "m1": "임금 황"}, {"idx": "81", "h": "始", "m": "시", "m1": "처음 시"}, {"idx": "82", "h": "制", "m": "제", "m1": "지을 제"}, {"idx": "83", "h": "文", "m": "문", "m1": "글월 문"}, {"idx": "84", "h": "字", "m": "자", "m1": "글자 자"}, {"idx": "85", "h": "乃", "m": "내", "m1": "이에 내"}, {"idx": "86", "h": "服", "m": "복", "m1": "옷 복"}, {"idx": "87", "h": "衣", "m": "의", "m1": "옷 의"}, {"idx": "88", "h": "裳", "m": "상", "m1": "치마 상"}, {"idx": "89", "h": "推", "m": "추", "m1": "밀 추"}, {"idx": "90", "h": "位", "m": "위", "m1": "자리 위"}, {"idx": "91", "h": "讓", "m": "양", "m1": "사양할 양"}, {"idx": "92", "h": "國", "m": "국", "m1": "나라 국"}, {"idx": "93", "h": "有", "m": "유", "m1": "있을 유"}, {"idx": "94", "h": "虞", "m": "우", "m1": "헤아릴 우"}, {"idx": "95", "h": "陶", "m": "도", "m1": "질그릇 도"}, {"idx": "96", "h": "唐", "m": "당", "m1": "당나라 당"}, {"idx": "97", "h": "弔", "m": "조", "m1": "슬퍼할 조"}, {"idx": "98", "h": "民", "m": "민", "m1": "백성 민"}, {"idx": "99", "h": "伐", "m": "벌", "m1": "칠 벌"}, {"idx": "100", "h": "罪", "m": "죄", "m1": "허물 죄"}, {"idx": "101", "h": "周", "m": "주", "m1": "두루 주"}, {"idx": "102", "h": "發", "m": "발", "m1": "필 발"}, {"idx": "103", "h": "殷", "m": "은", "m1": "나라이름 은"}, {"idx": "104", "h": "湯", "m": "탕", "m1": "끓을 탕"}, {"idx": "105", "h": "坐", "m": "좌", "m1": "앉을 좌"}, {"idx": "106", "h": "朝", "m": "조", "m1": "아침 조"}, {"idx": "107", "h": "問", "m": "문", "m1": "물을 문"}, {"idx": "108", "h": "道", "m": "도", "m1": "길/말할 도"}, {"idx": "109", "h": "垂", "m": "수", "m1": "드리울 수"}, {"idx": "110", "h": "拱", "m": "공", "m1": "껴안을 공"}, {"idx": "111", "h": "平", "m": "평", "m1": "평평할 평"}, {"idx": "112", "h": "章", "m": "장", "m1": "글월 장"}, {"idx": "113", "h": "愛", "m": "애", "m1": "사랑 애"}, {"idx": "114", "h": "育", "m": "육", "m1": "기를 육"}, {"idx": "115", "h": "黎", "m": "여", "m1": "검을 려"}, {"idx": "116", "h": "首", "m": "수", "m1": "머리 수"}, {"idx": "117", "h": "臣", "m": "신", "m1": "신하 신"}, {"idx": "118", "h": "伏", "m": "복", "m1": "엎드릴 복"}, {"idx": "119", "h": "戎", "m": "융", "m1": "오랑캐 융"}, {"idx": "120", "h": "羌", "m": "강", "m1": "종족이름 강"}, {"idx": "121", "h": "遐", "m": "하", "m1": "멀 하"}, {"idx": "122", "h": "邇", "m": "이", "m1": "가까울 이"}, {"idx": "123", "h": "壹", "m": "일", "m1": "한 일"}, {"idx": "124", "h": "體", "m": "체", "m1": "몸 체"}, {"idx": "125", "h": "率", "m": "솔", "m1": "거느릴 솔/비율 률"}, {"idx": "126", "h": "賓", "m": "빈", "m1": "손 빈"}, {"idx": "127", "h": "歸", "m": "귀", "m1": "돌아갈 귀"}, {"idx": "128", "h": "王", "m": "왕", "m1": "임금 왕"}, {"idx": "129", "h": "鳴", "m": "명", "m1": "울 명"}, {"idx": "130", "h": "鳳", "m": "봉", "m1": "봉황새 봉"}, {"idx": "131", "h": "在", "m": "재", "m1": "있을 재"}, {"idx": "132", "h": "樹", "m": "수", "m1": "나무 수"}, {"idx": "133", "h": "白", "m": "백", "m1": "흰 백"}, {"idx": "134", "h": "駒", "m": "구", "m1": "망아지 구"}, {"idx": "135", "h": "食", "m": "식", "m1": "밥 식"}, {"idx": "136", "h": "場", "m": "장", "m1": "마당 장"}, {"idx": "137", "h": "化", "m": "화", "m1": "될 화"}, {"idx": "138", "h": "被", "m": "피", "m1": "입을 피"}, {"idx": "139", "h": "草", "m": "초", "m1": "풀 초"}, {"idx": "140", "h": "木", "m": "목", "m1": "나무 목"}, {"idx": "141", "h": "賴", "m": "뇌", "m1": "힘입을 뢰"}, {"idx": "142", "h": "及", "m": "급", "m1": "미칠 급"}, {"idx": "143", "h": "萬", "m": "만", "m1": "일만 만"}, {"idx": "144", "h": "方", "m": "방", "m1": "모 방"}, {"idx": "145", "h": "蓋", "m": "개", "m1": "덮을 개"}, {"idx": "146", "h": "此", "m": "차", "m1": "이 차"}, {"idx": "147", "h": "身", "m": "신", "m1": "몸 신"}, {"idx": "148", "h": "髮", "m": "발", "m1": "터럭 발"}, {"idx": "149", "h": "四", "m": "사", "m1": "넉 사"}, {"idx": "150", "h": "大", "m": "대", "m1": "큰 대"}, {"idx": "151", "h": "五", "m": "오", "m1": "다섯 오"}, {"idx": "152", "h": "常", "m": "상", "m1": "항상 상"}, {"idx": "153", "h": "恭", "m": "공", "m1": "공손할 공"}, {"idx": "154", "h": "惟", "m": "유", "m1": "오직 유"}, {"idx": "155", "h": "鞠", "m": "국", "m1": "국문할 국"}, {"idx": "156", "h": "養", "m": "양", "m1": "기를 양"}, {"idx": "157", "h": "豈", "m": "기", "m1": "어찌 기"}, {"idx": "158", "h": "敢", "m": "감", "m1": "감히 감"}, {"idx": "159", "h": "毁", "m": "훼", "m1": "헐 훼"}, {"idx": "160", "h": "傷", "m": "상", "m1": "상할 상"}, {"idx": "161", "h": "女", "m": "여", "m1": "계집 녀"}, {"idx": "162", "h": "慕", "m": "모", "m1": "사모할 모"}, {"idx": "163", "h": "貞", "m": "정", "m1": "곧을 정"}, {"idx": "164", "h": "烈", "m": "열", "m1": "매울 렬"}, {"idx": "165", "h": "男", "m": "남", "m1": "사내 남"}, {"idx": "166", "h": "效", "m": "효", "m1": "본받을 효"}, {"idx": "167", "h": "才", "m": "재", "m1": "재주 재"}, {"idx": "168", "h": "良", "m": "량", "m1": "어질 량"}, {"idx": "169", "h": "知", "m": "지", "m1": "알 지"}, {"idx": "170", "h": "過", "m": "과", "m1": "지날/허물 과"}, {"idx": "171", "h": "必", "m": "필", "m1": "반드시 필"}, {"idx": "172", "h": "改", "m": "개", "m1": "고칠 개"}, {"idx": "173", "h": "得", "m": "득", "m1": "얻을 득"}, {"idx": "174", "h": "能", "m": "능", "m1": "능할 능"}, {"idx": "175", "h": "莫", "m": "막", "m1": "말 막"}, {"idx": "176", "h": "忘", "m": "망", "m1": "잊을 망"}, {"idx": "177", "h": "罔", "m": "망", "m1": "없을 망"}, {"idx": "178", "h": "談", "m": "담", "m1": "말씀 담"}, {"idx": "179", "h": "彼", "m": "피", "m1": "저 피"}, {"idx": "180", "h": "短", "m": "단", "m1": "짧을 단"}, {"idx": "181", "h": "靡", "m": "미", "m1": "아닐 미"}, {"idx": "182", "h": "恃", "m": "시", "m1": "믿을 시"}, {"idx": "183", "h": "己", "m": "기", "m1": "몸 기"}, {"idx": "184", "h": "長", "m": "장", "m1": "길 장"}, {"idx": "185", "h": "信", "m": "신", "m1": "믿을 신"}, {"idx": "186", "h": "使", "m": "사", "m1": "하여금 사"}, {"idx": "187", "h": "可", "m": "가", "m1": "옳을 가"}, {"idx": "188", "h": "覆", "m": "복", "m1": "뒤집힐 복"}, {"idx": "189", "h": "器", "m": "기", "m1": "그릇 기"}, {"idx": "190", "h": "欲", "m": "욕", "m1": "하고자할 욕"}, {"idx": "191", "h": "難", "m": "난", "m1": "어려울 난"}, {"idx": "192", "h": "量", "m": "량", "m1": "헤아릴 량"}, {"idx": "193", "h": "墨", "m": "묵", "m1": "먹 묵"}, {"idx": "194", "h": "悲", "m": "비", "m1": "슬플 비"}, {"idx": "195", "h": "絲", "m": "사", "m1": "실 사"}, {"idx": "196", "h": "染", "m": "염", "m1": "물들일 염"}, {"idx": "197", "h": "詩", "m": "시", "m1": "시 시"}, {"idx": "198", "h": "讚", "m": "찬", "m1": "칭찬할 찬"}, {"idx": "199", "h": "羔", "m": "고", "m1": "새끼양 고"}, {"idx": "200", "h": "羊", "m": "양", "m1": "양 양"}, {"idx": "201", "h": "景", "m": "경", "m1": "경치 경"}, {"idx": "202", "h": "行", "m": "행", "m1": "다닐 행/항렬 항"}, {"idx": "203", "h": "維", "m": "유", "m1": "벼리 유"}, {"idx": "204", "h": "賢", "m": "현", "m1": "어질 현"}, {"idx": "205", "h": "克", "m": "극", "m1": "이길 극"}, {"idx": "206", "h": "念", "m": "념", "m1": "생각 념"}, {"idx": "207", "h": "作", "m": "작", "m1": "지을 작"}, {"idx": "208", "h": "聖", "m": "성", "m1": "성인 성"}, {"idx": "209", "h": "德", "m": "덕", "m1": "덕 덕"}, {"idx": "210", "h": "建", "m": "건", "m1": "세울 건"}, {"idx": "211", "h": "名", "m": "명", "m1": "이름 명"}, {"idx": "212", "h": "立", "m": "립", "m1": "설 립"}, {"idx": "213", "h": "形", "m": "형", "m1": "모양 형"}, {"idx": "214", "h": "端", "m": "단", "m1": "바를 단"}, {"idx": "215", "h": "表", "m": "표", "m1": "겉 표"}, {"idx": "216", "h": "正", "m": "정", "m1": "바를 정"}, {"idx": "217", "h": "空", "m": "공", "m1": "빌 공"}, {"idx": "218", "h": "谷", "m": "곡", "m1": "골 곡"}, {"idx": "219", "h": "傳", "m": "전", "m1": "전할 전"}, {"idx": "220", "h": "聲", "m": "성", "m1": "소리 성"}, {"idx": "221", "h": "虛", "m": "허", "m1": "빌 허"}, {"idx": "222", "h": "堂", "m": "당", "m1": "집 당"}, {"idx": "223", "h": "習", "m": "습", "m1": "익힐 습"}, {"idx": "224", "h": "聽", "m": "청", "m1": "들을 청"}, {"idx": "225", "h": "禍", "m": "화", "m1": "재앙 화"}, {"idx": "226", "h": "因", "m": "인", "m1": "인할 인"}, {"idx": "227", "h": "惡", "m": "악", "m1": "악할 악/미워할 오"}, {"idx": "228", "h": "積", "m": "적", "m1": "쌓을 적"}, {"idx": "229", "h": "福", "m": "복", "m1": "복 복"}, {"idx": "230", "h": "緣", "m": "연", "m1": "인연 연"}, {"idx": "231", "h": "善", "m": "선", "m1": "착할 선"}, {"idx": "232", "h": "慶", "m": "경", "m1": "경사 경"}, {"idx": "233", "h": "尺", "m": "척", "m1": "자 척"}, {"idx": "234", "h": "璧", "m": "벽", "m1": "구슬 벽"}, {"idx": "235", "h": "非", "m": "비", "m1": "아닐 비"}, {"idx": "236", "h": "寶", "m": "보", "m1": "보배 보"}, {"idx": "237", "h": "寸", "m": "촌", "m1": "마디 촌"}, {"idx": "238", "h": "陰", "m": "음", "m1": "그늘 음"}, {"idx": "239", "h": "是", "m": "시", "m1": "옳을/이 시"}, {"idx": "240", "h": "競", "m": "경", "m1": "다툴 경"}, {"idx": "241", "h": "資", "m": "자", "m1": "자료 자"}, {"idx": "242", "h": "父", "m": "부", "m1": "아비 부"}, {"idx": "243", "h": "事", "m": "사", "m1": "일/섬길 사"}, {"idx": "244", "h": "君", "m": "군", "m1": "임금 군"}, {"idx": "245", "h": "曰", "m": "왈", "m1": "가로 왈"}, {"idx": "246", "h": "嚴", "m": "엄", "m1": "엄할 엄"}, {"idx": "247", "h": "與", "m": "여", "m1": "더불 여"}, {"idx": "248", "h": "敬", "m": "경", "m1": "공경할 경"}, {"idx": "249", "h": "孝", "m": "효", "m1": "효도 효"}, {"idx": "250", "h": "當", "m": "당", "m1": "마땅할 당"}, {"idx": "251", "h": "竭", "m": "갈", "m1": "다할 갈"}, {"idx": "252", "h": "力", "m": "력", "m1": "힘 력"}, {"idx": "253", "h": "忠", "m": "충", "m1": "충성 충"}, {"idx": "254", "h": "則", "m": "즉", "m1": "곧 즉/법 칙"}, {"idx": "255", "h": "盡", "m": "진", "m1": "다할 진"}, {"idx": "256", "h": "命", "m": "명", "m1": "목숨 명"}, {"idx": "257", "h": "臨", "m": "임", "m1": "임할 림"}, {"idx": "258", "h": "深", "m": "심", "m1": "깊을 심"}, {"idx": "259", "h": "履", "m": "리", "m1": "밟을 리"}, {"idx": "260", "h": "薄", "m": "박", "m1": "얇을 박"}, {"idx": "261", "h": "夙", "m": "숙", "m1": "일찍 숙"}, {"idx": "262", "h": "興", "m": "흥", "m1": "흥할 흥"}, {"idx": "263", "h": "溫", "m": "온", "m1": "따뜻할 온"}, {"idx": "264", "h": "凊", "m": "청", "m1": "서늘할 정"}, {"idx": "265", "h": "似", "m": "사", "m1": "같을 사"}, {"idx": "266", "h": "蘭", "m": "난", "m1": "난초 란"}, {"idx": "267", "h": "斯", "m": "사", "m1": "이 사"}, {"idx": "268", "h": "馨", "m": "형", "m1": "향기 형"}, {"idx": "269", "h": "如", "m": "여", "m1": "같을 여"}, {"idx": "270", "h": "松", "m": "송", "m1": "소나무 송"}, {"idx": "271", "h": "之", "m": "지", "m1": "갈 지"}, {"idx": "272", "h": "盛", "m": "성", "m1": "성할 성"}, {"idx": "273", "h": "川", "m": "천", "m1": "내 천"}, {"idx": "274", "h": "流", "m": "류", "m1": "흐를 류"}, {"idx": "275", "h": "不", "m": "불", "m1": "아니 불"}, {"idx": "276", "h": "息", "m": "식", "m1": "쉴 식"}, {"idx": "277", "h": "淵", "m": "연", "m1": "못 연"}, {"idx": "278", "h": "澄", "m": "징", "m1": "맑을 징"}, {"idx": "279", "h": "取", "m": "취", "m1": "취할 취"}, {"idx": "280", "h": "暎", "m": "영", "m1": "비칠 영"}, {"idx": "281", "h": "容", "m": "용", "m1": "얼굴 용"}, {"idx": "282", "h": "止", "m": "지", "m1": "그칠 지"}, {"idx": "283", "h": "若", "m": "약", "m1": "같을 약"}, {"idx": "284", "h": "思", "m": "사", "m1": "생각 사"}, {"idx": "285", "h": "言", "m": "언", "m1": "말씀 언"}, {"idx": "286", "h": "辭", "m": "사", "m1": "말씀 사"}, {"idx": "287", "h": "安", "m": "안", "m1": "편안 안"}, {"idx": "288", "h": "定", "m": "정", "m1": "정할 정"}, {"idx": "289", "h": "篤", "m": "독", "m1": "도타울 독"}, {"idx": "290", "h": "初", "m": "초", "m1": "처음 초"}, {"idx": "291", "h": "誠", "m": "성", "m1": "정성 성"}, {"idx": "292", "h": "美", "m": "미", "m1": "아름다울 미"}, {"idx": "293", "h": "愼", "m": "신", "m1": "삼갈 신"}, {"idx": "294", "h": "終", "m": "종", "m1": "마지막 종"}, {"idx": "295", "h": "宜", "m": "의", "m1": "마땅 의"}, {"idx": "296", "h": "令", "m": "령", "m1": "하여금 령"}, {"idx": "297", "h": "榮", "m": "영", "m1": "영화 영"}, {"idx": "298", "h": "業", "m": "업", "m1": "업 업"}, {"idx": "299", "h": "所", "m": "소", "m1": "바 소"}, {"idx": "300", "h": "基", "m": "기", "m1": "터 기"}, {"idx": "301", "h": "籍", "m": "적", "m1": "호적 적"}, {"idx": "302", "h": "甚", "m": "심", "m1": "심할 심"}, {"idx": "303", "h": "無", "m": "무", "m1": "없을 무"}, {"idx": "304", "h": "竟", "m": "경", "m1": "마침내 경"}, {"idx": "305", "h": "學", "m": "학", "m1": "배울 학"}, {"idx": "306", "h": "優", "m": "우", "m1": "넉넉할 우"}, {"idx": "307", "h": "登", "m": "등", "m1": "오를 등"}, {"idx": "308", "h": "仕", "m": "사", "m1": "벼슬 사"}, {"idx": "309", "h": "攝", "m": "섭", "m1": "잡을 섭"}, {"idx": "310", "h": "職", "m": "직", "m1": "벼슬 직"}, {"idx": "311", "h": "從", "m": "종", "m1": "좇을 종"}, {"idx": "312", "h": "政", "m": "정", "m1": "정사 정"}, {"idx": "313", "h": "存", "m": "존", "m1": "있을 존"}, {"idx": "314", "h": "以", "m": "이", "m1": "써 이"}, {"idx": "315", "h": "甘", "m": "감", "m1": "달 감"}, {"idx": "316", "h": "棠", "m": "당", "m1": "해당화 당"}, {"idx": "317", "h": "去", "m": "거", "m1": "갈 거"}, {"idx": "318", "h": "而", "m": "이", "m1": "어조사 이"}, {"idx": "319", "h": "益", "m": "익", "m1": "더할 익"}, {"idx": "320", "h": "詠", "m": "영", "m1": "읊을 영"}, {"idx": "321", "h": "樂", "m": "악", "m1": "풍류 악/즐길 락/좋아할 요"}, {"idx": "322", "h": "殊", "m": "수", "m1": "다를 수"}, {"idx": "323", "h": "貴", "m": "귀", "m1": "귀할 귀"}, {"idx": "324", "h": "賤", "m": "천", "m1": "천할 천"}, {"idx": "325", "h": "禮", "m": "예", "m1": "예도 례"}, {"idx": "326", "h": "別", "m": "별", "m1": "다를 별"}, {"idx": "327", "h": "尊", "m": "존", "m1": "높을 존"}, {"idx": "328", "h": "卑", "m": "비", "m1": "낮을 비"}, {"idx": "329", "h": "上", "m": "상", "m1": "위 상"}, {"idx": "330", "h": "和", "m": "화", "m1": "화할 화"}, {"idx": "331", "h": "下", "m": "하", "m1": "아래 하"}, {"idx": "332", "h": "睦", "m": "목", "m1": "화목할 목"}, {"idx": "333", "h": "夫", "m": "부", "m1": "지아비 부"}, {"idx": "334", "h": "唱", "m": "창", "m1": "부를 창"}, {"idx": "335", "h": "婦", "m": "부", "m1": "며느리 부"}, {"idx": "336", "h": "隨", "m": "수", "m1": "따를 수"}, {"idx": "337", "h": "外", "m": "외", "m1": "밖 외"}, {"idx": "338", "h": "受", "m": "수", "m1": "받을 수"}, {"idx": "339", "h": "傅", "m": "부", "m1": "스승 부"}, {"idx": "340", "h": "訓", "m": "훈", "m1": "가르칠 훈"}, {"idx": "341", "h": "入", "m": "입", "m1": "들 입"}, {"idx": "342", "h": "奉", "m": "봉", "m1": "받들 봉"}, {"idx": "343", "h": "母", "m": "모", "m1": "어미 모"}, {"idx": "344", "h": "儀", "m": "의", "m1": "거동 의"}, {"idx": "345", "h": "諸", "m": "제", "m1": "모두 제"}, {"idx": "346", "h": "姑", "m": "고", "m1": "시어미 고"}, {"idx": "347", "h": "伯", "m": "백", "m1": "맏 백"}, {"idx": "348", "h": "叔", "m": "숙", "m1": "아재비 숙"}, {"idx": "349", "h": "猶", "m": "유", "m1": "같을 유"}, {"idx": "350", "h": "子", "m": "자", "m1": "아들 자"}, {"idx": "351", "h": "比", "m": "비", "m1": "견줄 비"}, {"idx": "352", "h": "兒", "m": "아", "m1": "아이 아"}, {"idx": "353", "h": "孔", "m": "공", "m1": "구멍 공"}, {"idx": "354", "h": "懷", "m": "회", "m1": "품을 회"}, {"idx": "355", "h": "兄", "m": "형", "m1": "맏 형"}, {"idx": "356", "h": "弟", "m": "제", "m1": "아우 제"}, {"idx": "357", "h": "同", "m": "동", "m1": "한가지 동"}, {"idx": "358", "h": "氣", "m": "기", "m1": "기운 기"}, {"idx": "359", "h": "連", "m": "연", "m1": "이어질 연"}, {"idx": "360", "h": "枝", "m": "지", "m1": "가지 지"}, {"idx": "361", "h": "交", "m": "교", "m1": "사귈 교"}, {"idx": "362", "h": "友", "m": "우", "m1": "벗 우"}, {"idx": "363", "h": "投", "m": "투", "m1": "던질 투"}, {"idx": "364", "h": "分", "m": "분", "m1": "나눌 분"}, {"idx": "365", "h": "切", "m": "절", "m1": "끊을 절/모두 체"}, {"idx": "366", "h": "磨", "m": "마", "m1": "갈 마"}, {"idx": "367", "h": "箴", "m": "잠", "m1": "경계 잠"}, {"idx": "368", "h": "規", "m": "규", "m1": "법 규"}, {"idx": "369", "h": "仁", "m": "인", "m1": "어질 인"}, {"idx": "370", "h": "慈", "m": "자", "m1": "사랑할 자"}, {"idx": "371", "h": "隱", "m": "은", "m1": "숨을 은"}, {"idx": "372", "h": "惻", "m": "측", "m1": "슬플 측"}, {"idx": "373", "h": "造", "m": "조", "m1": "지을 조"}, {"idx": "374", "h": "次", "m": "차", "m1": "버금 차"}, {"idx": "375", "h": "弗", "m": "불", "m1": "아닐 불"}, {"idx": "376", "h": "離", "m": "리", "m1": "떠날 리"}, {"idx": "377", "h": "節", "m": "절", "m1": "마디 절"}, {"idx": "378", "h": "義", "m": "의", "m1": "옳을 의"}, {"idx": "379", "h": "廉", "m": "염", "m1": "청렴 렴"}, {"idx": "380", "h": "退", "m": "퇴", "m1": "물러갈 퇴"}, {"idx": "381", "h": "顚", "m": "전", "m1": "엎드러질 전"}, {"idx": "382", "h": "沛", "m": "패", "m1": "자빠질 패"}, {"idx": "383", "h": "匪", "m": "비", "m1": "아닐 비"}, {"idx": "384", "h": "虧", "m": "휴", "m1": "이지러질 휴"}, {"idx": "385", "h": "性", "m": "성", "m1": "성품 성"}, {"idx": "386", "h": "靜", "m": "정", "m1": "고요할 정"}, {"idx": "387", "h": "情", "m": "정", "m1": "뜻 정"}, {"idx": "388", "h": "逸", "m": "일", "m1": "편안할 일"}, {"idx": "389", "h": "心", "m": "심", "m1": "마음 심"}, {"idx": "390", "h": "動", "m": "동", "m1": "움직일 동"}, {"idx": "391", "h": "神", "m": "신", "m1": "귀신 신"}, {"idx": "392", "h": "疲", "m": "피", "m1": "피곤할 피"}, {"idx": "393", "h": "守", "m": "수", "m1": "지킬 수"}, {"idx": "394", "h": "眞", "m": "진", "m1": "참 진"}, {"idx": "395", "h": "志", "m": "지", "m1": "뜻 지"}, {"idx": "396", "h": "滿", "m": "만", "m1": "찰 만"}, {"idx": "397", "h": "逐", "m": "축", "m1": "쫓을 축"}, {"idx": "398", "h": "物", "m": "물", "m1": "만물 물"}, {"idx": "399", "h": "意", "m": "의", "m1": "뜻 의"}, {"idx": "400", "h": "移", "m": "이", "m1": "옮길 이"}, {"idx": "401", "h": "堅", "m": "견", "m1": "굳을 견"}, {"idx": "402", "h": "持", "m": "지", "m1": "가질 지"}, {"idx": "403", "h": "雅", "m": "아", "m1": "우아할 아"}, {"idx": "404", "h": "操", "m": "조", "m1": "잡을 조"}, {"idx": "405", "h": "好", "m": "호", "m1": "좋을 호"}, {"idx": "406", "h": "爵", "m": "작", "m1": "벼슬 작"}, {"idx": "407", "h": "自", "m": "자", "m1": "스스로 자"}, {"idx": "408", "h": "縻", "m": "미", "m1": "얽을 미"}, {"idx": "409", "h": "都", "m": "도", "m1": "도읍 도"}, {"idx": "410", "h": "邑", "m": "읍", "m1": "고을 읍"}, {"idx": "411", "h": "華", "m": "화", "m1": "빛날 화"}, {"idx": "412", "h": "夏", "m": "하", "m1": "여름 하"}, {"idx": "413", "h": "東", "m": "동", "m1": "동녘 동"}, {"idx": "414", "h": "西", "m": "서", "m1": "서녘 서"}, {"idx": "415", "h": "二", "m": "이", "m1": "두 이"}, {"idx": "416", "h": "京", "m": "경", "m1": "서울 경"}, {"idx": "417", "h": "背", "m": "배", "m1": "등 배"}, {"idx": "418", "h": "邙", "m": "망", "m1": "산이름 망"}, {"idx": "419", "h": "面", "m": "면", "m1": "낯 면"}, {"idx": "420", "h": "洛", "m": "낙", "m1": "강이름 락"}, {"idx": "421", "h": "浮", "m": "부", "m1": "뜰 부"}, {"idx": "422", "h": "渭", "m": "위", "m1": "강이름 위"}, {"idx": "423", "h": "據", "m": "거", "m1": "의거할 거"}, {"idx": "424", "h": "涇", "m": "경", "m1": "통할 경"}, {"idx": "425", "h": "宮", "m": "궁", "m1": "집 궁"}, {"idx": "426", "h": "殿", "m": "전", "m1": "큰집 전"}, {"idx": "427", "h": "盤", "m": "반", "m1": "서릴 반"}, {"idx": "428", "h": "鬱", "m": "울", "m1": "답답 울"}, {"idx": "429", "h": "樓", "m": "누", "m1": "다락 루"}, {"idx": "430", "h": "觀", "m": "관", "m1": "볼 관"}, {"idx": "431", "h": "飛", "m": "비", "m1": "날 비"}, {"idx": "432", "h": "驚", "m": "경", "m1": "놀랄 경"}, {"idx": "433", "h": "圖", "m": "도", "m1": "그림 도"}, {"idx": "434", "h": "寫", "m": "사", "m1": "베낄 사"}, {"idx": "435", "h": "禽", "m": "금", "m1": "날짐승 금"}, {"idx": "436", "h": "獸", "m": "수", "m1": "짐승 수"}, {"idx": "437", "h": "畵", "m": "화", "m1": "그림 화"}, {"idx": "438", "h": "采", "m": "채", "m1": "채색 채"}, {"idx": "439", "h": "仙", "m": "선", "m1": "신선 선"}, {"idx": "440", "h": "靈", "m": "령", "m1": "신령 령"}, {"idx": "441", "h": "丙", "m": "병", "m1": "남녘 병"}, {"idx": "442", "h": "舍", "m": "사", "m1": "집 사"}, {"idx": "443", "h": "傍", "m": "방", "m1": "곁 방"}, {"idx": "444", "h": "啓", "m": "계", "m1": "열 계"}, {"idx": "445", "h": "甲", "m": "갑", "m1": "갑옷 갑"}, {"idx": "446", "h": "帳", "m": "장", "m1": "휘장 장"}, {"idx": "447", "h": "對", "m": "대", "m1": "대답할 대"}, {"idx": "448", "h": "楹", "m": "영", "m1": "기둥 영"}, {"idx": "449", "h": "肆", "m": "사", "m1": "베풀 사"}, {"idx": "450", "h": "筵", "m": "연", "m1": "자리 연"}, {"idx": "451", "h": "設", "m": "설", "m1": "베풀 설"}, {"idx": "452", "h": "席", "m": "석", "m1": "자리 석"}, {"idx": "453", "h": "鼓", "m": "고", "m1": "북 고"}, {"idx": "454", "h": "瑟", "m": "슬", "m1": "비파 슬"}, {"idx": "455", "h": "吹", "m": "취", "m1": "불 취"}, {"idx": "456", "h": "笙", "m": "생", "m1": "생황 생"}, {"idx": "457", "h": "陞", "m": "승", "m1": "오른쪽 승"}, {"idx": "458", "h": "階", "m": "계", "m1": "뜰 계"}, {"idx": "459", "h": "納", "m": "납", "m1": "바칠 납"}, {"idx": "460", "h": "陛", "m": "폐", "m1": "섬돌 폐"}, {"idx": "461", "h": "弁", "m": "변", "m1": "고깔 변"}, {"idx": "462", "h": "轉", "m": "전", "m1": "구를 전"}, {"idx": "463", "h": "疑", "m": "의", "m1": "의심할 의"}, {"idx": "464", "h": "星", "m": "성", "m1": "별 성"}, {"idx": "465", "h": "右", "m": "우", "m1": "오를 우"}, {"idx": "466", "h": "通", "m": "통", "m1": "통할 통"}, {"idx": "467", "h": "廣", "m": "광", "m1": "넓을 광"}, {"idx": "468", "h": "內", "m": "내", "m1": "안 내"}, {"idx": "469", "h": "左", "m": "좌", "m1": "왼 좌"}, {"idx": "470", "h": "達", "m": "달", "m1": "통달할 달"}, {"idx": "471", "h": "承", "m": "승", "m1": "이을 승"}, {"idx": "472", "h": "明", "m": "명", "m1": "밝을 명"}, {"idx": "473", "h": "旣", "m": "기", "m1": "이미 기"}, {"idx": "474", "h": "集", "m": "집", "m1": "모을 집"}, {"idx": "475", "h": "墳", "m": "분", "m1": "무덤 분"}, {"idx": "476", "h": "典", "m": "전", "m1": "법 전"}, {"idx": "477", "h": "亦", "m": "역", "m1": "또 역"}, {"idx": "478", "h": "聚", "m": "취", "m1": "모을 취"}, {"idx": "479", "h": "群", "m": "군", "m1": "무리 군"}, {"idx": "480", "h": "英", "m": "영", "m1": "꽃부리 영"}, {"idx": "481", "h": "杜", "m": "두", "m1": "막을 두"}, {"idx": "482", "h": "稿", "m": "고", "m1": "볏짚 고"}, {"idx": "483", "h": "鍾", "m": "종", "m1": "쇠북 종"}, {"idx": "484", "h": "隸", "m": "례", "m1": "글씨 례"}, {"idx": "485", "h": "漆", "m": "칠", "m1": "옻칠할 칠"}, {"idx": "486", "h": "書", "m": "서", "m1": "글씨 서"}, {"idx": "487", "h": "壁", "m": "벽", "m1": "벽 벽"}, {"idx": "488", "h": "經", "m": "경", "m1": "날 경"}, {"idx": "489", "h": "府", "m": "부", "m1": "마을 부"}, {"idx": "490", "h": "羅", "m": "라", "m1": "벌릴 라"}, {"idx": "491", "h": "將", "m": "장", "m1": "장수 장"}, {"idx": "492", "h": "相", "m": "상", "m1": "서로 상"}, {"idx": "493", "h": "路", "m": "노", "m1": "길 로"}, {"idx": "494", "h": "夾", "m": "협", "m1": "낄 협"}, {"idx": "495", "h": "槐", "m": "괴", "m1": "괴화나무 괴"}, {"idx": "496", "h": "卿", "m": "경", "m1": "벼슬 경"}, {"idx": "497", "h": "戶", "m": "호", "m1": "지게 호"}, {"idx": "498", "h": "封", "m": "봉", "m1": "봉할 봉"}, {"idx": "499", "h": "八", "m": "팔", "m1": "여덟 팔"}, {"idx": "500", "h": "縣", "m": "현", "m1": "고을 현"}, {"idx": "501", "h": "家", "m": "가", "m1": "집 가"}, {"idx": "502", "h": "給", "m": "급", "m1": "줄 급"}, {"idx": "503", "h": "千", "m": "천", "m1": "일천 천"}, {"idx": "504", "h": "兵", "m": "병", "m1": "군사 병"}, {"idx": "505", "h": "高", "m": "고", "m1": "높을 고"}, {"idx": "506", "h": "冠", "m": "관", "m1": "갓 관"}, {"idx": "507", "h": "陪", "m": "배", "m1": "더할 배"}, {"idx": "508", "h": "輦", "m": "련", "m1": "손수레 련"}, {"idx": "509", "h": "驅", "m": "구", "m1": "몰 구"}, {"idx": "510", "h": "轂", "m": "곡", "m1": "바퀴 곡"}, {"idx": "511", "h": "振", "m": "진", "m1": "떨친 진"}, {"idx": "512", "h": "纓", "m": "영", "m1": "끈 영"}, {"idx": "513", "h": "世", "m": "세", "m1": "세상 세"}, {"idx": "514", "h": "祿", "m": "록", "m1": "녹 록"}, {"idx": "515", "h": "侈", "m": "치", "m1": "사치할 치"}, {"idx": "516", "h": "富", "m": "부", "m1": "부자 부"}, {"idx": "517", "h": "車", "m": "거", "m1": "수레 거"}, {"idx": "518", "h": "駕", "m": "가", "m1": "멍에 가"}, {"idx": "519", "h": "肥", "m": "비", "m1": "살찔 비"}, {"idx": "520", "h": "輕", "m": "경", "m1": "가벼울 경"}, {"idx": "521", "h": "策", "m": "책", "m1": "꾀 책"}, {"idx": "522", "h": "功", "m": "공", "m1": "공 공"}, {"idx": "523", "h": "茂", "m": "무", "m1": "무성할 무"}, {"idx": "524", "h": "實", "m": "실", "m1": "열매 실"}, {"idx": "525", "h": "勒", "m": "늑", "m1": "굴레 륵"}, {"idx": "526", "h": "碑", "m": "비", "m1": "비석 비"}, {"idx": "527", "h": "刻", "m": "각", "m1": "새길 각"}, {"idx": "528", "h": "銘", "m": "명", "m1": "새길 명"}, {"idx": "529", "h": "磻", "m": "반", "m1": "강이름 반"}, {"idx": "530", "h": "溪", "m": "계", "m1": "시내 계"}, {"idx": "531", "h": "伊", "m": "이", "m1": "저 이"}, {"idx": "532", "h": "尹", "m": "윤", "m1": "다스릴 윤"}, {"idx": "533", "h": "佐", "m": "좌", "m1": "도울 좌"}, {"idx": "534", "h": "時", "m": "시", "m1": "때 시"}, {"idx": "535", "h": "阿", "m": "아", "m1": "언덕 아"}, {"idx": "536", "h": "衡", "m": "형", "m1": "저울대 형"}, {"idx": "537", "h": "奄", "m": "엄", "m1": "문득 엄"}, {"idx": "538", "h": "宅", "m": "택", "m1": "집 댁/택"}, {"idx": "539", "h": "曲", "m": "곡", "m1": "굽을 곡"}, {"idx": "540", "h": "阜", "m": "부", "m1": "언덕 부"}, {"idx": "541", "h": "微", "m": "미", "m1": "작을 미"}, {"idx": "542", "h": "旦", "m": "단", "m1": "아침 단"}, {"idx": "543", "h": "孰", "m": "숙", "m1": "누구 숙"}, {"idx": "544", "h": "營", "m": "영", "m1": "경영 영"}, {"idx": "545", "h": "桓", "m": "환", "m1": "굳셀 환"}, {"idx": "546", "h": "公", "m": "공", "m1": "공변될 공"}, {"idx": "547", "h": "匡", "m": "광", "m1": "바를 광"}, {"idx": "548", "h": "合", "m": "합", "m1": "모을 합"}, {"idx": "549", "h": "濟", "m": "제", "m1": "건널 제"}, {"idx": "550", "h": "弱", "m": "약", "m1": "약할 약"}, {"idx": "551", "h": "扶", "m": "부", "m1": "도울 부"}, {"idx": "552", "h": "傾", "m": "경", "m1": "기울 경"}, {"idx": "553", "h": "綺", "m": "기", "m1": "비단 기"}, {"idx": "554", "h": "回", "m": "회", "m1": "돌아올 회"}, {"idx": "555", "h": "漢", "m": "한", "m1": "한수 한"}, {"idx": "556", "h": "惠", "m": "혜", "m1": "은혜 혜"}, {"idx": "557", "h": "兌", "m": "열", "m1": "말씀 설/달랠 세/기뻐할 열"}, {"idx": "558", "h": "感", "m": "감", "m1": "느낄 감"}, {"idx": "559", "h": "武", "m": "무", "m1": "호반 무"}, {"idx": "560", "h": "丁", "m": "정", "m1": "고무래 정"}, {"idx": "561", "h": "俊", "m": "준", "m1": "준걸 준"}, {"idx": "562", "h": "乂", "m": "예", "m1": "어질 예"}, {"idx": "563", "h": "密", "m": "밀", "m1": "빽빽할 밀"}, {"idx": "564", "h": "勿", "m": "물", "m1": "말 물"}, {"idx": "565", "h": "多", "m": "다", "m1": "많을 다"}, {"idx": "566", "h": "士", "m": "사", "m1": "선비 사"}, {"idx": "567", "h": "寔", "m": "식", "m1": "이 식"}, {"idx": "568", "h": "寧", "m": "녕", "m1": "편안 녕"}, {"idx": "569", "h": "晋", "m": "진", "m1": "나라 진"}, {"idx": "570", "h": "楚", "m": "초", "m1": "나라 초"}, {"idx": "571", "h": "更", "m": "갱", "m1": "다시 갱/고칠 경"}, {"idx": "572", "h": "覇", "m": "패", "m1": "으뜸 패"}, {"idx": "573", "h": "趙", "m": "조", "m1": "나라 조"}, {"idx": "574", "h": "魏", "m": "위", "m1": "나라 위"}, {"idx": "575", "h": "困", "m": "곤", "m1": "곤할 곤"}, {"idx": "576", "h": "橫", "m": "횡", "m1": "비낄 횡"}, {"idx": "577", "h": "假", "m": "가", "m1": "거짓 가"}, {"idx": "578", "h": "途", "m": "도", "m1": "길 도"}, {"idx": "579", "h": "滅", "m": "멸", "m1": "멸할 멸"}, {"idx": "580", "h": "虢", "m": "괵", "m1": "나라 괵"}, {"idx": "581", "h": "踐", "m": "천", "m1": "밟을 천"}, {"idx": "582", "h": "土", "m": "토", "m1": "흙 토"}, {"idx": "583", "h": "會", "m": "회", "m1": "모일 회"}, {"idx": "584", "h": "盟", "m": "맹", "m1": "맹세 맹"}, {"idx": "585", "h": "何", "m": "하", "m1": "어찌 하"}, {"idx": "586", "h": "遵", "m": "준", "m1": "좇을 준"}, {"idx": "587", "h": "約", "m": "약", "m1": "약속할 약"}, {"idx": "588", "h": "法", "m": "법", "m1": "법 법"}, {"idx": "589", "h": "韓", "m": "한", "m1": "나라 한"}, {"idx": "590", "h": "弊", "m": "폐", "m1": "해질 폐"}, {"idx": "591", "h": "煩", "m": "번", "m1": "번거로울 번"}, {"idx": "592", "h": "刑", "m": "형", "m1": "형벌 형"}, {"idx": "593", "h": "起", "m": "기", "m1": "일어날 기"}, {"idx": "594", "h": "翦", "m": "전", "m1": "자를 전"}, {"idx": "595", "h": "頗", "m": "파", "m1": "자못 파"}, {"idx": "596", "h": "牧", "m": "목", "m1": "칠 목"}, {"idx": "597", "h": "用", "m": "용", "m1": "쓸 용"}, {"idx": "598", "h": "軍", "m": "군", "m1": "군사 군"}, {"idx": "599", "h": "最", "m": "최", "m1": "가장 최"}, {"idx": "600", "h": "精", "m": "정", "m1": "정할 정"}, {"idx": "601", "h": "宣", "m": "선", "m1": "베풀 선"}, {"idx": "602", "h": "威", "m": "위", "m1": "위엄 위"}, {"idx": "603", "h": "沙", "m": "사", "m1": "모래 사"}, {"idx": "604", "h": "漠", "m": "막", "m1": "아득할 막"}, {"idx": "605", "h": "馳", "m": "치", "m1": "달릴 치"}, {"idx": "606", "h": "譽", "m": "예", "m1": "칭찬할 예"}, {"idx": "607", "h": "丹", "m": "단", "m1": "붉을 단"}, {"idx": "608", "h": "靑", "m": "청", "m1": "푸를 청"}, {"idx": "609", "h": "九", "m": "구", "m1": "아홉 구"}, {"idx": "610", "h": "州", "m": "주", "m1": "고을 주"}, {"idx": "611", "h": "禹", "m": "우", "m1": "하우씨 우"}, {"idx": "612", "h": "跡", "m": "적", "m1": "자취 적"}, {"idx": "613", "h": "百", "m": "백", "m1": "일백 백"}, {"idx": "614", "h": "郡", "m": "군", "m1": "고을 군"}, {"idx": "615", "h": "秦", "m": "진", "m1": "나라 진"}, {"idx": "616", "h": "幷", "m": "병", "m1": "아우를 병"}, {"idx": "617", "h": "嶽", "m": "악", "m1": "산마루 악"}, {"idx": "618", "h": "宗", "m": "종", "m1": "마루 종"}, {"idx": "619", "h": "恒", "m": "항", "m1": "항상 항"}, {"idx": "620", "h": "岱", "m": "대", "m1": "뫼 대"}, {"idx": "621", "h": "禪", "m": "선", "m1": "터닦을 선"}, {"idx": "622", "h": "主", "m": "주", "m1": "임금 주"}, {"idx": "623", "h": "云", "m": "운", "m1": "이를 운"}, {"idx": "624", "h": "亭", "m": "정", "m1": "정자 정"}, {"idx": "625", "h": "雁", "m": "안", "m1": "기러기 안"}, {"idx": "626", "h": "門", "m": "문", "m1": "문 문"}, {"idx": "627", "h": "紫", "m": "자", "m1": "붉을 자"}, {"idx": "628", "h": "塞", "m": "새", "m1": "변방 새"}, {"idx": "629", "h": "鷄", "m": "계", "m1": "닭 계"}, {"idx": "630", "h": "田", "m": "전", "m1": "밭 전"}, {"idx": "631", "h": "赤", "m": "적", "m1": "붉을 적"}, {"idx": "632", "h": "城", "m": "성", "m1": "성 성"}, {"idx": "633", "h": "昆", "m": "곤", "m1": "맏 곤"}, {"idx": "634", "h": "池", "m": "지", "m1": "못 지"}, {"idx": "635", "h": "碣", "m": "갈", "m1": "돌 갈"}, {"idx": "636", "h": "石", "m": "석", "m1": "돌 석"}, {"idx": "637", "h": "鉅", "m": "거", "m1": "클 거"}, {"idx": "638", "h": "野", "m": "야", "m1": "들 야"}, {"idx": "639", "h": "洞", "m": "동", "m1": "골 동/꿰뚫을 통"}, {"idx": "640", "h": "庭", "m": "정", "m1": "뜰 정"}, {"idx": "641", "h": "曠", "m": "광", "m1": "빌 광"}, {"idx": "642", "h": "遠", "m": "원", "m1": "멀 원"}, {"idx": "643", "h": "綿", "m": "면", "m1": "이어질 면"}, {"idx": "644", "h": "邈", "m": "막", "m1": "멀 막"}, {"idx": "645", "h": "巖", "m": "암", "m1": "바위 암"}, {"idx": "646", "h": "峀", "m": "수", "m1": "메뿌리 수"}, {"idx": "647", "h": "杳", "m": "묘", "m1": "아득할 묘"}, {"idx": "648", "h": "冥", "m": "명", "m1": "어두울 명"}, {"idx": "649", "h": "治", "m": "치", "m1": "다스릴 치"}, {"idx": "650", "h": "本", "m": "본", "m1": "근본 본"}, {"idx": "651", "h": "於", "m": "어", "m1": "어조사 어"}, {"idx": "652", "h": "農", "m": "농", "m1": "농사 농"}, {"idx": "653", "h": "務", "m": "무", "m1": "힘쓸 무"}, {"idx": "654", "h": "玆", "m": "자", "m1": "이 자"}, {"idx": "655", "h": "稼", "m": "가", "m1": "심을 가"}, {"idx": "656", "h": "穡", "m": "색", "m1": "거둘 색"}, {"idx": "657", "h": "俶", "m": "숙", "m1": "비로소 숙"}, {"idx": "658", "h": "載", "m": "재", "m1": "실을 재"}, {"idx": "659", "h": "南", "m": "남", "m1": "남녘 남"}, {"idx": "660", "h": "畝", "m": "묘", "m1": "이랑 묘"}, {"idx": "661", "h": "我", "m": "아", "m1": "나 아"}, {"idx": "662", "h": "藝", "m": "예", "m1": "재주 예"}, {"idx": "663", "h": "黍", "m": "서", "m1": "기장 서"}, {"idx": "664", "h": "稷", "m": "직", "m1": "피 직"}, {"idx": "665", "h": "稅", "m": "세", "m1": "징수할 세"}, {"idx": "666", "h": "熟", "m": "숙", "m1": "익을 숙"}, {"idx": "667", "h": "貢", "m": "공", "m1": "바칠 공"}, {"idx": "668", "h": "新", "m": "신", "m1": "새 신"}, {"idx": "669", "h": "勸", "m": "권", "m1": "권할 권"}, {"idx": "670", "h": "賞", "m": "상", "m1": "상줄 상"}, {"idx": "671", "h": "黜", "m": "출", "m1": "물리칠 출"}, {"idx": "672", "h": "陟", "m": "척", "m1": "오를 척"}, {"idx": "673", "h": "孟", "m": "맹", "m1": "맏 맹"}, {"idx": "674", "h": "軻", "m": "가", "m1": "수레 가"}, {"idx": "675", "h": "敦", "m": "돈", "m1": "도타울 돈"}, {"idx": "676", "h": "素", "m": "소", "m1": "흴 소"}, {"idx": "677", "h": "史", "m": "사", "m1": "역사 사"}, {"idx": "678", "h": "魚", "m": "어", "m1": "물고기 어"}, {"idx": "679", "h": "秉", "m": "병", "m1": "잡을 병"}, {"idx": "680", "h": "直", "m": "직", "m1": "곧을 직"}, {"idx": "681", "h": "庶", "m": "서", "m1": "여러 서"}, {"idx": "682", "h": "幾", "m": "기", "m1": "몇 기"}, {"idx": "683", "h": "中", "m": "중", "m1": "가운데 중"}, {"idx": "684", "h": "庸", "m": "용", "m1": "떳떳 용"}, {"idx": "685", "h": "勞", "m": "노", "m1": "힘쓸 로"}, {"idx": "686", "h": "謙", "m": "겸", "m1": "겸손 겸"}, {"idx": "687", "h": "謹", "m": "근", "m1": "삼갈 근"}, {"idx": "688", "h": "勅", "m": "칙", "m1": "칙서 칙"}, {"idx": "689", "h": "聆", "m": "영", "m1": "들을 령"}, {"idx": "690", "h": "音", "m": "음", "m1": "소리 음"}, {"idx": "691", "h": "察", "m": "찰", "m1": "살필 찰"}, {"idx": "692", "h": "理", "m": "리", "m1": "다스릴 리"}, {"idx": "693", "h": "鑑", "m": "감", "m1": "거울 감"}, {"idx": "694", "h": "貌", "m": "모", "m1": "모양 모"}, {"idx": "695", "h": "辨", "m": "변", "m1": "분별 변"}, {"idx": "696", "h": "色", "m": "색", "m1": "빛 색"}, {"idx": "697", "h": "貽", "m": "이", "m1": "끼칠 이"}, {"idx": "698", "h": "厥", "m": "궐", "m1": "그 궐"}, {"idx": "699", "h": "嘉", "m": "가", "m1": "아름다울 가"}, {"idx": "700", "h": "猷", "m": "유", "m1": "꾀 유"}, {"idx": "701", "h": "勉", "m": "면", "m1": "힘쓸 면"}, {"idx": "702", "h": "其", "m": "기", "m1": "그 기"}, {"idx": "703", "h": "祗", "m": "지", "m1": "공경 지"}, {"idx": "704", "h": "植", "m": "식", "m1": "심을 식"}, {"idx": "705", "h": "省", "m": "생", "m1": "살필 성/덜 생"}, {"idx": "706", "h": "躬", "m": "궁", "m1": "몸 궁"}, {"idx": "707", "h": "譏", "m": "기", "m1": "나무랄 기"}, {"idx": "708", "h": "誡", "m": "계", "m1": "경계 계"}, {"idx": "709", "h": "寵", "m": "총", "m1": "고일 총"}, {"idx": "710", "h": "增", "m": "증", "m1": "더할 증"}, {"idx": "711", "h": "抗", "m": "항", "m1": "저항할 항"}, {"idx": "712", "h": "極", "m": "극", "m1": "다할 극"}, {"idx": "713", "h": "殆", "m": "태", "m1": "위태 태"}, {"idx": "714", "h": "辱", "m": "욕", "m1": "욕할 욕"}, {"idx": "715", "h": "近", "m": "근", "m1": "가까울 근"}, {"idx": "716", "h": "恥", "m": "치", "m1": "부끄러울 치"}, {"idx": "717", "h": "林", "m": "임", "m1": "수풀 림"}, {"idx": "718", "h": "皐", "m": "고", "m1": "언덕 고"}, {"idx": "719", "h": "幸", "m": "행", "m1": "다행 행"}, {"idx": "720", "h": "卽", "m": "즉", "m1": "곧 즉"}, {"idx": "721", "h": "兩", "m": "양", "m1": "두 량"}, {"idx": "722", "h": "疏", "m": "소", "m1": "상소할 소"}, {"idx": "723", "h": "見", "m": "견", "m1": "볼 견/나타날 현"}, {"idx": "724", "h": "機", "m": "기", "m1": "틀 기"}, {"idx": "725", "h": "解", "m": "해", "m1": "풀 해"}, {"idx": "726", "h": "組", "m": "조", "m1": "짤 조"}, {"idx": "727", "h": "誰", "m": "수", "m1": "누구 수"}, {"idx": "728", "h": "逼", "m": "핍", "m1": "핍박할 핍"}, {"idx": "729", "h": "索", "m": "삭", "m1": "찾을 색"}, {"idx": "730", "h": "居", "m": "거", "m1": "살 거"}, {"idx": "731", "h": "閑", "m": "한", "m1": "한가 한"}, {"idx": "732", "h": "處", "m": "처", "m1": "곳 처"}, {"idx": "733", "h": "沈", "m": "침", "m1": "잠길 침"}, {"idx": "734", "h": "黙", "m": "묵", "m1": "잠잠할 묵"}, {"idx": "735", "h": "寂", "m": "적", "m1": "고요할 적"}, {"idx": "736", "h": "寥", "m": "요", "m1": "고요 요"}, {"idx": "737", "h": "求", "m": "구", "m1": "구할 구"}, {"idx": "738", "h": "古", "m": "고", "m1": "옛 고"}, {"idx": "739", "h": "尋", "m": "심", "m1": "찾을 심"}, {"idx": "740", "h": "論", "m": "론", "m1": "의논할 론"}, {"idx": "741", "h": "散", "m": "산", "m1": "흩을 산"}, {"idx": "742", "h": "慮", "m": "려", "m1": "생각 려"}, {"idx": "743", "h": "逍", "m": "소", "m1": "거닐 소"}, {"idx": "744", "h": "遙", "m": "요", "m1": "멀 요"}, {"idx": "745", "h": "欣", "m": "흔", "m1": "기쁠 흔"}, {"idx": "746", "h": "奏", "m": "주", "m1": "아뢸 주"}, {"idx": "747", "h": "累", "m": "누", "m1": "여러 루"}, {"idx": "748", "h": "遣", "m": "견", "m1": "보낼 견"}, {"idx": "749", "h": "慼", "m": "척", "m1": "슬플 척"}, {"idx": "750", "h": "謝", "m": "사", "m1": "사례 사"}, {"idx": "751", "h": "歡", "m": "환", "m1": "기뻐할 환"}, {"idx": "752", "h": "招", "m": "초", "m1": "부를 초"}, {"idx": "753", "h": "渠", "m": "거", "m1": "개천 거"}, {"idx": "754", "h": "荷", "m": "하", "m1": "연꽃 하"}, {"idx": "755", "h": "的", "m": "적", "m1": "과녁 적"}, {"idx": "756", "h": "歷", "m": "력", "m1": "지낼 력"}, {"idx": "757", "h": "園", "m": "원", "m1": "동산 원"}, {"idx": "758", "h": "莽", "m": "망", "m1": "풀 망"}, {"idx": "759", "h": "抽", "m": "추", "m1": "빼낼 추"}, {"idx": "760", "h": "條", "m": "조", "m1": "조목 조"}, {"idx": "761", "h": "枇", "m": "비", "m1": "비파나무 비"}, {"idx": "762", "h": "杷", "m": "파", "m1": "비파나무 파"}, {"idx": "763", "h": "晩", "m": "만", "m1": "늦을 만"}, {"idx": "764", "h": "翠", "m": "취", "m1": "푸를 취"}, {"idx": "765", "h": "梧", "m": "오", "m1": "오동 오"}, {"idx": "766", "h": "桐", "m": "동", "m1": "오동 동"}, {"idx": "767", "h": "早", "m": "조", "m1": "이를 조"}, {"idx": "768", "h": "凋", "m": "조", "m1": "시들 조"}, {"idx": "769", "h": "陳", "m": "진", "m1": "베풀 진"}, {"idx": "770", "h": "根", "m": "근", "m1": "뿌리 근"}, {"idx": "771", "h": "委", "m": "위", "m1": "맡길 위"}, {"idx": "772", "h": "翳", "m": "예", "m1": "가릴 예"}, {"idx": "773", "h": "落", "m": "낙", "m1": "떨어질 락"}, {"idx": "774", "h": "葉", "m": "엽", "m1": "잎사귀 엽"}, {"idx": "775", "h": "飄", "m": "표", "m1": "나부낄 표"}, {"idx": "776", "h": "颻", "m": "요", "m1": "나부낄 요"}, {"idx": "777", "h": "遊", "m": "유", "m1": "헤엄칠 유"}, {"idx": "778", "h": "鵾", "m": "곤", "m1": "곤새 곤"}, {"idx": "779", "h": "獨", "m": "독", "m1": "홀로 독"}, {"idx": "780", "h": "運", "m": "운", "m1": "운전 운"}, {"idx": "781", "h": "凌", "m": "능", "m1": "업신여길 릉"}, {"idx": "782", "h": "摩", "m": "마", "m1": "만질 마"}, {"idx": "783", "h": "絳", "m": "강", "m1": "붉을 강"}, {"idx": "784", "h": "霄", "m": "소", "m1": "하늘 소"}, {"idx": "785", "h": "耽", "m": "탐", "m1": "즐길 탐"}, {"idx": "786", "h": "讀", "m": "독", "m1": "읽을 독/이두 두"}, {"idx": "787", "h": "翫", "m": "완", "m1": "가지고놀 완"}, {"idx": "788", "h": "市", "m": "시", "m1": "저자 시"}, {"idx": "789", "h": "寓", "m": "우", "m1": "붙일 우"}, {"idx": "790", "h": "目", "m": "목", "m1": "눈 목"}, {"idx": "791", "h": "囊", "m": "낭", "m1": "주머니 낭"}, {"idx": "792", "h": "箱", "m": "상", "m1": "상자 상"}, {"idx": "793", "h": "易", "m": "이", "m1": "쉬울 이/바꿀 역"}, {"idx": "794", "h": "輶", "m": "유", "m1": "가벼울 유"}, {"idx": "795", "h": "攸", "m": "유", "m1": "바 유"}, {"idx": "796", "h": "畏", "m": "외", "m1": "두려워할 외"}, {"idx": "797", "h": "屬", "m": "속", "m1": "붙을 속/이을 촉"}, {"idx": "798", "h": "耳", "m": "이", "m1": "귀 이"}, {"idx": "799", "h": "垣", "m": "원", "m1": "담 원"}, {"idx": "800", "h": "牆", "m": "장", "m1": "담 장"}, {"idx": "801", "h": "具", "m": "구", "m1": "갖출 구"}, {"idx": "802", "h": "膳", "m": "선", "m1": "반찬 선"}, {"idx": "803", "h": "飱", "m": "손", "m1": "밥 손"}, {"idx": "804", "h": "飯", "m": "반", "m1": "밥 반"}, {"idx": "805", "h": "適", "m": "적", "m1": "마침 적"}, {"idx": "806", "h": "口", "m": "구", "m1": "입 구"}, {"idx": "807", "h": "充", "m": "충", "m1": "채울 충"}, {"idx": "808", "h": "腸", "m": "장", "m1": "창자 장"}, {"idx": "809", "h": "飽", "m": "포", "m1": "배부를 포"}, {"idx": "810", "h": "飫", "m": "어", "m1": "배부를 어"}, {"idx": "811", "h": "烹", "m": "팽", "m1": "삶을 팽"}, {"idx": "812", "h": "宰", "m": "재", "m1": "재상 재"}, {"idx": "813", "h": "饑", "m": "기", "m1": "주릴 기"}, {"idx": "814", "h": "厭", "m": "염", "m1": "싫을 염"}, {"idx": "815", "h": "糟", "m": "조", "m1": "재강 조"}, {"idx": "816", "h": "糠", "m": "강", "m1": "겨 강"}, {"idx": "817", "h": "親", "m": "친", "m1": "친할 친"}, {"idx": "818", "h": "戚", "m": "척", "m1": "겨레 척"}, {"idx": "819", "h": "故", "m": "고", "m1": "연고 고"}, {"idx": "820", "h": "舊", "m": "구", "m1": "옛 구"}, {"idx": "821", "h": "老", "m": "노", "m1": "늙을 로"}, {"idx": "822", "h": "少", "m": "소", "m1": "젊을 소"}, {"idx": "823", "h": "異", "m": "이", "m1": "다를 이"}, {"idx": "824", "h": "糧", "m": "량", "m1": "양식 량"}, {"idx": "825", "h": "妾", "m": "첩", "m1": "첩 첩"}, {"idx": "826", "h": "御", "m": "어", "m1": "모실 어"}, {"idx": "827", "h": "績", "m": "적", "m1": "길쌈 적"}, {"idx": "828", "h": "紡", "m": "방", "m1": "길쌈 방"}, {"idx": "829", "h": "侍", "m": "시", "m1": "모실 시"}, {"idx": "830", "h": "巾", "m": "건", "m1": "수건 건"}, {"idx": "831", "h": "帷", "m": "유", "m1": "장막 유"}, {"idx": "832", "h": "房", "m": "방", "m1": "방 방"}, {"idx": "833", "h": "紈", "m": "환", "m1": "흰비단 환"}, {"idx": "834", "h": "扇", "m": "선", "m1": "부채 선"}, {"idx": "835", "h": "圓", "m": "원", "m1": "둥글 원"}, {"idx": "836", "h": "潔", "m": "결", "m1": "깨끗할 결"}, {"idx": "837", "h": "銀", "m": "은", "m1": "은 은"}, {"idx": "838", "h": "燭", "m": "촉", "m1": "촛불 촉"}, {"idx": "839", "h": "煒", "m": "위", "m1": "빛날 위"}, {"idx": "840", "h": "煌", "m": "황", "m1": "빛날 황"}, {"idx": "841", "h": "晝", "m": "주", "m1": "낮 주"}, {"idx": "842", "h": "眠", "m": "면", "m1": "잘 면"}, {"idx": "843", "h": "夕", "m": "석", "m1": "저녁 석"}, {"idx": "844", "h": "寐", "m": "매", "m1": "잘 매"}, {"idx": "845", "h": "藍", "m": "남", "m1": "쪽 람"}, {"idx": "846", "h": "筍", "m": "순", "m1": "죽순 순"}, {"idx": "847", "h": "象", "m": "상", "m1": "코끼리 상"}, {"idx": "848", "h": "床", "m": "상", "m1": "상 상"}, {"idx": "849", "h": "弦", "m": "현", "m1": "줄 현"}, {"idx": "850", "h": "歌", "m": "가", "m1": "노래 가"}, {"idx": "851", "h": "酒", "m": "주", "m1": "술 주"}, {"idx": "852", "h": "讌", "m": "연", "m1": "잔치 연"}, {"idx": "853", "h": "接", "m": "접", "m1": "이을 접"}, {"idx": "854", "h": "杯", "m": "배", "m1": "잔 배"}, {"idx": "855", "h": "擧", "m": "거", "m1": "들 거"}, {"idx": "856", "h": "觴", "m": "상", "m1": "잔 상"}, {"idx": "857", "h": "矯", "m": "교", "m1": "바로잡을 교"}, {"idx": "858", "h": "手", "m": "수", "m1": "손 수"}, {"idx": "859", "h": "頓", "m": "돈", "m1": "두드릴 돈"}, {"idx": "860", "h": "足", "m": "족", "m1": "발 족"}, {"idx": "861", "h": "悅", "m": "열", "m1": "기쁠 열"}, {"idx": "862", "h": "豫", "m": "예", "m1": "미리 예"}, {"idx": "863", "h": "且", "m": "차", "m1": "또 차"}, {"idx": "864", "h": "康", "m": "강", "m1": "편안 강"}, {"idx": "865", "h": "嫡", "m": "적", "m1": "정실 적"}, {"idx": "866", "h": "後", "m": "후", "m1": "뒤 후"}, {"idx": "867", "h": "嗣", "m": "사", "m1": "이을 사"}, {"idx": "868", "h": "續", "m": "속", "m1": "이을 속"}, {"idx": "869", "h": "祭", "m": "제", "m1": "제사 제"}, {"idx": "870", "h": "祀", "m": "사", "m1": "제사 사"}, {"idx": "871", "h": "蒸", "m": "증", "m1": "찔 증"}, {"idx": "872", "h": "嘗", "m": "상", "m1": "맛볼 상"}, {"idx": "873", "h": "稽", "m": "계", "m1": "조아릴 계"}, {"idx": "874", "h": "顙", "m": "상", "m1": "이마 상"}, {"idx": "875", "h": "再", "m": "재", "m1": "둘 재"}, {"idx": "876", "h": "拜", "m": "배", "m1": "절 배"}, {"idx": "877", "h": "悚", "m": "송", "m1": "두려워할 송"}, {"idx": "878", "h": "懼", "m": "구", "m1": "두려워할 구"}, {"idx": "879", "h": "恐", "m": "공", "m1": "두려워할 공"}, {"idx": "880", "h": "惶", "m": "황", "m1": "두려워할 황"}, {"idx": "881", "h": "牋", "m": "전", "m1": "편지 전"}, {"idx": "882", "h": "牒", "m": "첩", "m1": "편지 첩"}, {"idx": "883", "h": "簡", "m": "간", "m1": "편지 간"}, {"idx": "884", "h": "要", "m": "요", "m1": "중요 요"}, {"idx": "885", "h": "顧", "m": "고", "m1": "돌아볼 고"}, {"idx": "886", "h": "答", "m": "답", "m1": "대답 답"}, {"idx": "887", "h": "審", "m": "심", "m1": "살필 심"}, {"idx": "888", "h": "詳", "m": "상", "m1": "자세할 상"}, {"idx": "889", "h": "骸", "m": "해", "m1": "뼈 해"}, {"idx": "890", "h": "垢", "m": "구", "m1": "때 구"}, {"idx": "891", "h": "想", "m": "상", "m1": "생각할 상"}, {"idx": "892", "h": "浴", "m": "욕", "m1": "목욕할 욕"}, {"idx": "893", "h": "執", "m": "집", "m1": "잡을 집"}, {"idx": "894", "h": "熱", "m": "열", "m1": "더울 열"}, {"idx": "895", "h": "願", "m": "원", "m1": "원할 원"}, {"idx": "896", "h": "凉", "m": "량", "m1": "서늘할 량"}, {"idx": "897", "h": "驢", "m": "여", "m1": "나귀 려"}, {"idx": "898", "h": "騾", "m": "라", "m1": "노새 라"}, {"idx": "899", "h": "犢", "m": "독", "m1": "송아지 독"}, {"idx": "900", "h": "特", "m": "특", "m1": "특별 특"}, {"idx": "901", "h": "駭", "m": "해", "m1": "놀랄 해"}, {"idx": "902", "h": "躍", "m": "약", "m1": "뛸 약"}, {"idx": "903", "h": "超", "m": "초", "m1": "넘을 초"}, {"idx": "904", "h": "驤", "m": "양", "m1": "달릴 양"}, {"idx": "905", "h": "誅", "m": "주", "m1": "벨 주"}, {"idx": "906", "h": "斬", "m": "참", "m1": "벨 참"}, {"idx": "907", "h": "賊", "m": "적", "m1": "도적 적"}, {"idx": "908", "h": "盜", "m": "도", "m1": "도적 도"}, {"idx": "909", "h": "捕", "m": "포", "m1": "잡을 포"}, {"idx": "910", "h": "獲", "m": "획", "m1": "얻을 획"}, {"idx": "911", "h": "叛", "m": "반", "m1": "배반할 반"}, {"idx": "912", "h": "亡", "m": "망", "m1": "망할 망/없을 무"}, {"idx": "913", "h": "布", "m": "포", "m1": "베 포"}, {"idx": "914", "h": "射", "m": "사", "m1": "쏠 사"}, {"idx": "915", "h": "僚", "m": "료", "m1": "벗 료"}, {"idx": "916", "h": "丸", "m": "환", "m1": "알 환"}, {"idx": "917", "h": "嵇", "m": "혜", "m1": "산이름 혜"}, {"idx": "918", "h": "琴", "m": "금", "m1": "거문고 금"}, {"idx": "919", "h": "阮", "m": "완", "m1": "악기 완"}, {"idx": "920", "h": "嘯", "m": "소", "m1": "휘파람 소"}, {"idx": "921", "h": "恬", "m": "염", "m1": "편안 념"}, {"idx": "922", "h": "筆", "m": "필", "m1": "붓 필"}, {"idx": "923", "h": "倫", "m": "륜", "m1": "인륜 륜"}, {"idx": "924", "h": "紙", "m": "지", "m1": "종이 지"}, {"idx": "925", "h": "鈞", "m": "균", "m1": "고를 균"}, {"idx": "926", "h": "巧", "m": "교", "m1": "공교할 교"}, {"idx": "927", "h": "任", "m": "임", "m1": "맡길 임"}, {"idx": "928", "h": "釣", "m": "조", "m1": "낚시 조"}, {"idx": "929", "h": "釋", "m": "석", "m1": "놓을 석"}, {"idx": "930", "h": "紛", "m": "분", "m1": "어지러울 분"}, {"idx": "931", "h": "利", "m": "리", "m1": "이로울/날카로울 리"}, {"idx": "932", "h": "俗", "m": "속", "m1": "풍속 속"}, {"idx": "933", "h": "竝", "m": "병", "m1": "아우를 병"}, {"idx": "934", "h": "皆", "m": "개", "m1": "다 개"}, {"idx": "935", "h": "佳", "m": "가", "m1": "아름다울 가"}, {"idx": "936", "h": "妙", "m": "묘", "m1": "묘할 묘"}, {"idx": "937", "h": "毛", "m": "모", "m1": "털 모"}, {"idx": "938", "h": "施", "m": "시", "m1": "베풀 시"}, {"idx": "939", "h": "淑", "m": "숙", "m1": "맑을 숙"}, {"idx": "940", "h": "姿", "m": "자", "m1": "모양 자"}, {"idx": "941", "h": "工", "m": "공", "m1": "장인 공"}, {"idx": "942", "h": "顰", "m": "빈", "m1": "찡그릴 빈"}, {"idx": "943", "h": "姸", "m": "연", "m1": "고울 연"}, {"idx": "944", "h": "笑", "m": "소", "m1": "웃을 소"}, {"idx": "945", "h": "年", "m": "연", "m1": "해 년"}, {"idx": "946", "h": "矢", "m": "시", "m1": "화살 시"}, {"idx": "947", "h": "每", "m": "매", "m1": "매양 매"}, {"idx": "948", "h": "催", "m": "최", "m1": "재촉 최"}, {"idx": "949", "h": "曦", "m": "희", "m1": "햇빛 희"}, {"idx": "950", "h": "暉", "m": "휘", "m1": "빛날 휘"}, {"idx": "951", "h": "朗", "m": "낭", "m1": "밝을 랑"}, {"idx": "952", "h": "耀", "m": "요", "m1": "빛날 요"}, {"idx": "953", "h": "璇", "m": "선", "m1": "구슬 선"}, {"idx": "954", "h": "璣", "m": "기", "m1": "구슬 기"}, {"idx": "955", "h": "懸", "m": "현", "m1": "달 현"}, {"idx": "956", "h": "斡", "m": "알", "m1": "빙빙돌 알"}, {"idx": "957", "h": "晦", "m": "회", "m1": "그믐 회"}, {"idx": "958", "h": "魄", "m": "백", "m1": "넋 백"}, {"idx": "959", "h": "環", "m": "환", "m1": "고리 환"}, {"idx": "960", "h": "照", "m": "조", "m1": "비칠 조"}, {"idx": "961", "h": "指", "m": "지", "m1": "손가락 지"}, {"idx": "962", "h": "薪", "m": "신", "m1": "섶나무 신"}, {"idx": "963", "h": "修", "m": "수", "m1": "닦을 수"}, {"idx": "964", "h": "祐", "m": "우", "m1": "복 우"}, {"idx": "965", "h": "永", "m": "영", "m1": "길 영"}, {"idx": "966", "h": "綏", "m": "수", "m1": "편안 수"}, {"idx": "967", "h": "吉", "m": "길", "m1": "길할 길"}, {"idx": "968", "h": "劭", "m": "소", "m1": "아름다울 소"}, {"idx": "969", "h": "矩", "m": "구", "m1": "법 구"}, {"idx": "970", "h": "步", "m": "보", "m1": "걸음 보"}, {"idx": "971", "h": "引", "m": "인", "m1": "끌 인"}, {"idx": "972", "h": "領", "m": "령", "m1": "거느릴 령"}, {"idx": "973", "h": "俯", "m": "부", "m1": "굽을 부"}, {"idx": "974", "h": "仰", "m": "앙", "m1": "우러를 앙"}, {"idx": "975", "h": "廊", "m": "낭", "m1": "행랑 랑"}, {"idx": "976", "h": "廟", "m": "묘", "m1": "사당 묘"}, {"idx": "977", "h": "束", "m": "속", "m1": "묶을 속"}, {"idx": "978", "h": "帶", "m": "대", "m1": "띠 대"}, {"idx": "979", "h": "矜", "m": "긍", "m1": "자랑 긍"}, {"idx": "980", "h": "莊", "m": "장", "m1": "씩씩할 장"}, {"idx": "981", "h": "徘", "m": "배", "m1": "배회 배"}, {"idx": "982", "h": "徊", "m": "회", "m1": "배회 회"}, {"idx": "983", "h": "瞻", "m": "첨", "m1": "쳐다볼 첨"}, {"idx": "984", "h": "眺", "m": "조", "m1": "바라볼 조"}, {"idx": "985", "h": "孤", "m": "고", "m1": "외로울 고"}, {"idx": "986", "h": "陋", "m": "루", "m1": "더러울 루"}, {"idx": "987", "h": "寡", "m": "과", "m1": "적을 과"}, {"idx": "988", "h": "聞", "m": "문", "m1": "들을 문"}, {"idx": "989", "h": "愚", "m": "우", "m1": "어리석을 우"}, {"idx": "990", "h": "蒙", "m": "몽", "m1": "어릴 몽"}, {"idx": "991", "h": "等", "m": "등", "m1": "등급 등"}, {"idx": "992", "h": "誚", "m": "초", "m1": "꾸짖을 초"}, {"idx": "993", "h": "謂", "m": "위", "m1": "이를 위"}, {"idx": "994", "h": "語", "m": "어", "m1": "말씀 어"}, {"idx": "995", "h": "助", "m": "조", "m1": "도울 조"}, {"idx": "996", "h": "者", "m": "자", "m1": "놈 자"}, {"idx": "997", "h": "焉", "m": "언", "m1": "어찌 언"}, {"idx": "998", "h": "哉", "m": "재", "m1": "어조사 재"}, {"idx": "999", "h": "乎", "m": "호", "m1": "어조사 호"}, {"idx": "1000", "h": "也", "m": "야", "m1": "어조사 야"}]