﻿[
	{
		"solar": "2020-09-01 (화)",
		"lunar": "2020-07-14",
		"ganji": "경자(庚子)년 갑신(甲申)월 정미(丁未)일"
	},
	{
		"solar": "2020-09-02 (수)",
		"lunar": "2020-07-15",
		"ganji": "경자(庚子)년 갑신(甲申)월 무신(戊申)일"
	},
	{
		"solar": "2020-09-03 (목)",
		"lunar": "2020-07-16",
		"ganji": "경자(庚子)년 갑신(甲申)월 기유(己酉)일"
	},
	{
		"solar": "2020-09-04 (금)",
		"lunar": "2020-07-17",
		"ganji": "경자(庚子)년 갑신(甲申)월 경술(庚戌)일"
	},
	{
		"solar": "2020-09-05 (토)",
		"lunar": "2020-07-18",
		"ganji": "경자(庚子)년 갑신(甲申)월 신해(辛亥)일"
	},
	{
		"solar": "2020-09-06 (일)",
		"lunar": "2020-07-19",
		"ganji": "경자(庚子)년 갑신(甲申)월 임자(壬子)일"
	},
	{
		"solar": "2020-09-07 (월)",
		"lunar": "2020-07-20",
		"ganji": "경자(庚子)년 갑신(甲申)월 계축(癸丑)일"
	},
	{
		"solar": "2020-09-08 (화)",
		"lunar": "2020-07-21",
		"ganji": "경자(庚子)년 갑신(甲申)월 갑인(甲寅)일"
	},
	{
		"solar": "2020-09-09 (수)",
		"lunar": "2020-07-22",
		"ganji": "경자(庚子)년 갑신(甲申)월 을묘(乙卯)일"
	},
	{
		"solar": "2020-09-10 (목)",
		"lunar": "2020-07-23",
		"ganji": "경자(庚子)년 갑신(甲申)월 병진(丙辰)일"
	},
	{
		"solar": "2020-09-11 (금)",
		"lunar": "2020-07-24",
		"ganji": "경자(庚子)년 갑신(甲申)월 정사(丁巳)일"
	},
	{
		"solar": "2020-09-12 (토)",
		"lunar": "2020-07-25",
		"ganji": "경자(庚子)년 갑신(甲申)월 무오(戊午)일"
	},
	{
		"solar": "2020-09-13 (일)",
		"lunar": "2020-07-26",
		"ganji": "경자(庚子)년 갑신(甲申)월 기미(己未)일"
	},
	{
		"solar": "2020-09-14 (월)",
		"lunar": "2020-07-27",
		"ganji": "경자(庚子)년 갑신(甲申)월 경신(庚申)일"
	},
	{
		"solar": "2020-09-15 (화)",
		"lunar": "2020-07-28",
		"ganji": "경자(庚子)년 갑신(甲申)월 신유(辛酉)일"
	},
	{
		"solar": "2020-09-16 (수)",
		"lunar": "2020-07-29",
		"ganji": "경자(庚子)년 갑신(甲申)월 임술(壬戌)일"
	},
	{
		"solar": "2020-09-17 (목)",
		"lunar": "2020-08-01",
		"ganji": "경자(庚子)년 을유(乙酉)월 계해(癸亥)일"
	},
	{
		"solar": "2020-09-18 (금)",
		"lunar": "2020-08-02",
		"ganji": "경자(庚子)년 을유(乙酉)월 갑자(甲子)일"
	},
	{
		"solar": "2020-09-19 (토)",
		"lunar": "2020-08-03",
		"ganji": "경자(庚子)년 을유(乙酉)월 을축(乙丑)일"
	},
	{
		"solar": "2020-09-20 (일)",
		"lunar": "2020-08-04",
		"ganji": "경자(庚子)년 을유(乙酉)월 병인(丙寅)일"
	},
	{
		"solar": "2020-09-21 (월)",
		"lunar": "2020-08-05",
		"ganji": "경자(庚子)년 을유(乙酉)월 정묘(丁卯)일"
	},
	{
		"solar": "2020-09-22 (화)",
		"lunar": "2020-08-06",
		"ganji": "경자(庚子)년 을유(乙酉)월 무진(戊辰)일"
	},
	{
		"solar": "2020-09-23 (수)",
		"lunar": "2020-08-07",
		"ganji": "경자(庚子)년 을유(乙酉)월 기사(己巳)일"
	},
	{
		"solar": "2020-09-24 (목)",
		"lunar": "2020-08-08",
		"ganji": "경자(庚子)년 을유(乙酉)월 경오(庚午)일"
	},
	{
		"solar": "2020-09-25 (금)",
		"lunar": "2020-08-09",
		"ganji": "경자(庚子)년 을유(乙酉)월 신미(辛未)일"
	},
	{
		"solar": "2020-09-26 (토)",
		"lunar": "2020-08-10",
		"ganji": "경자(庚子)년 을유(乙酉)월 임신(壬申)일"
	},
	{
		"solar": "2020-09-27 (일)",
		"lunar": "2020-08-11",
		"ganji": "경자(庚子)년 을유(乙酉)월 계유(癸酉)일"
	},
	{
		"solar": "2020-09-28 (월)",
		"lunar": "2020-08-12",
		"ganji": "경자(庚子)년 을유(乙酉)월 갑술(甲戌)일"
	},
	{
		"solar": "2020-09-29 (화)",
		"lunar": "2020-08-13",
		"ganji": "경자(庚子)년 을유(乙酉)월 을해(乙亥)일"
	},
	{
		"solar": "2020-09-30 (수)",
		"lunar": "2020-08-14",
		"ganji": "경자(庚子)년 을유(乙酉)월 병자(丙子)일"
	}
]